student_id,event_name,attendance_status,event_id
S001,Athletics,Absent,E07
S002,Tennis,Absent,E10
S003,Tennis,Present,E10
S004,Basketball,Present,E02
S005,Athletics,Absent,E07
S006,Tennis,Present,E10
S007,Volleyball,Present,E09
S008,Cricket,Present,E03
S009,Basketball,Absent,E02
S010,Football,Present,E01
S011,Volleyball,Present,E09
S012,Swimming,Absent,E08
S013,Tennis,Absent,E10
S014,Athletics,Absent,E07
S015,Chess,Present,E06
S016,Basketball,Present,E02
S017,Swimming,Present,E08
S018,Volleyball,Absent,E09
S019,Swimming,Absent,E08
S020,Athletics,Absent,E07
S021,Volleyball,Absent,E09
S022,Volleyball,Present,E09
S023,Cricket,Present,E03
S024,Badminton,Present,E04
S025,Chess,Present,E06
S026,Tennis,Absent,E10
S027,Volleyball,Absent,E09
S028,Football,Present,E01
S029,Badminton,Absent,E04
S030,Table Tennis,Present,E05
S031,Basketball,Present,E02
S032,Football,Present,E01
S033,Basketball,Absent,E02
S034,Table Tennis,Present,E05
S035,Volleyball,Present,E09
S036,Basketball,Absent,E02
S037,Tennis,Present,E10
S038,Chess,Absent,E06
S039,Volleyball,Present,E09
S040,Cricket,Absent,E03
S041,Volleyball,Absent,E09
S042,Basketball,Present,E02
S043,Athletics,Absent,E07
S044,Volleyball,Absent,E09
S045,Tennis,Present,E10
S046,Basketball,Absent,E02
S047,Table Tennis,Present,E05
S048,Athletics,Present,E07
S049,Table Tennis,Present,E05
S050,Athletics,Absent,E07
S051,Chess,Absent,E06
S052,Badminton,Absent,E04
S053,Volleyball,Absent,E09
S054,Athletics,Absent,E07
S055,Volleyball,Absent,E09
S056,Chess,Absent,E06
S057,Swimming,Present,E08
S058,Chess,Absent,E06
S059,Table Tennis,Present,E05
S060,Basketball,Present,E02
S061,Cricket,Present,E03
S062,Swimming,Absent,E08
S063,Cricket,Present,E03
S064,Swimming,Absent,E08
S065,Tennis,Present,E10
S066,Table Tennis,Absent,E05
S067,Volleyball,Absent,E09
S068,Volleyball,Present,E09
S069,Athletics,Present,E07
S070,Athletics,Absent,E07
S071,Table Tennis,Absent,E05
S072,Swimming,Present,E08
S073,Chess,Present,E06
S074,Cricket,Absent,E03
S075,Table Tennis,Absent,E05
S076,Basketball,Absent,E02
S077,Volleyball,Present,E09
S078,Chess,Absent,E06
S079,Basketball,Present,E02
S080,Cricket,Absent,E03
S081,Basketball,Absent,E02
S082,Chess,Absent,E06
S083,Chess,Absent,E06
S084,Cricket,Absent,E03
S085,Tennis,Present,E10
S086,Chess,Present,E06
S087,Volleyball,Present,E09
S088,Chess,Present,E06
S089,Swimming,Present,E08
S090,Volleyball,Present,E09
S091,Table Tennis,Present,E05
S092,Tennis,Present,E10
S093,Volleyball,Present,E09
S094,Table Tennis,Present,E05
S095,Badminton,Present,E04
S096,Athletics,Present,E07
S097,Table Tennis,Absent,E05
S098,Chess,Present,E06
S099,Football,Present,E01
S100,Tennis,Present,E10
S101,Athletics,Absent,E07
S102,Volleyball,Present,E09
S103,Basketball,Present,E02
S104,Swimming,Present,E08
S105,Swimming,Present,E08
S106,Chess,Present,E06
S107,Cricket,Absent,E03
S108,Table Tennis,Absent,E05
S109,Volleyball,Present,E09
S110,Basketball,Present,E02
S111,Swimming,Present,E08
S112,Badminton,Absent,E04
S113,Volleyball,Present,E09
S114,Athletics,Absent,E07
S115,Chess,Absent,E06
S116,Badminton,Present,E04
S117,Badminton,Present,E04
S118,Chess,Present,E06
S119,Swimming,Present,E08
S120,Table Tennis,Present,E05
S121,Swimming,Absent,E08
S122,Tennis,Absent,E10
S123,Table Tennis,Absent,E05
S124,Basketball,Present,E02
S125,Table Tennis,Present,E05
S126,Volleyball,Absent,E09
S127,Tennis,Absent,E10
S128,Basketball,Present,E02
S129,Swimming,Absent,E08
S130,Basketball,Absent,E02
S131,Chess,Absent,E06
S132,Swimming,Present,E08
S133,Swimming,Present,E08
S134,Cricket,Present,E03
S135,Cricket,Absent,E03
S136,Chess,Present,E06
S137,Volleyball,Absent,E09
S138,Badminton,Present,E04
S139,Volleyball,Present,E09
S140,Table Tennis,Present,E05
S141,Chess,Absent,E06
S142,Swimming,Present,E08
S143,Swimming,Present,E08
S144,Table Tennis,Absent,E05
S145,Table Tennis,Absent,E05
S146,Table Tennis,Absent,E05
S147,Swimming,Absent,E08
S148,Cricket,Present,E03
S149,Table Tennis,Absent,E05
S150,Tennis,Present,E10
S151,Table Tennis,Present,E05
S152,Chess,Present,E06
S153,Badminton,Absent,E04
S154,Cricket,Present,E03
S155,Swimming,Present,E08
S156,Basketball,Present,E02
S157,Athletics,Present,E07
S158,Tennis,Absent,E10
S159,Basketball,Absent,E02
S160,Cricket,Present,E03
S161,Chess,Present,E06
S162,Table Tennis,Present,E05
S163,Badminton,Absent,E04
S164,Football,Absent,E01
S165,Badminton,Absent,E04
S166,Basketball,Present,E02
S167,Volleyball,Present,E09
S168,Basketball,Absent,E02
S169,Badminton,Present,E04
S170,Swimming,Present,E08
S171,Athletics,Absent,E07
S172,Football,Present,E01
S173,Athletics,Absent,E07
S174,Basketball,Absent,E02
S175,Athletics,Absent,E07
S176,Table Tennis,Present,E05
S177,Athletics,Present,E07
S178,Chess,Absent,E06
S179,Tennis,Present,E10
S180,Swimming,Absent,E08
S181,Swimming,Absent,E08
S182,Tennis,Present,E10
S183,Badminton,Present,E04
S184,Tennis,Absent,E10
S185,Basketball,Absent,E02
S186,Football,Present,E01
S187,Cricket,Present,E03
S188,Badminton,Absent,E04
S189,Basketball,Present,E02
S190,Swimming,Absent,E08
S191,Chess,Present,E06
S192,Volleyball,Absent,E09
S193,Volleyball,Present,E09
S194,Athletics,Absent,E07
S195,Chess,Absent,E06
S196,Table Tennis,Absent,E05
S197,Tennis,Present,E10
S198,Football,Absent,E01
S199,Tennis,Present,E10
S200,Basketball,Absent,E02
S201,Football,Absent,E01
S202,Cricket,Absent,E03
S203,Badminton,Absent,E04
S204,Chess,Absent,E06
S205,Chess,Present,E06
S206,Swimming,Present,E08
S207,Cricket,Absent,E03
S208,Cricket,Absent,E03
S209,Football,Present,E01
S210,Football,Present,E01
S211,Tennis,Present,E10
S212,Football,Present,E01
S213,Badminton,Present,E04
S214,Chess,Present,E06
S215,Chess,Absent,E06
S216,Tennis,Present,E10
S217,Badminton,Present,E04
S218,Badminton,Present,E04
S219,Table Tennis,Absent,E05
S220,Basketball,Absent,E02
S221,Basketball,Absent,E02
S222,Table Tennis,Present,E05
S223,Basketball,Absent,E02
S224,Swimming,Absent,E08
S225,Football,Absent,E01
S226,Athletics,Absent,E07
S227,Volleyball,Absent,E09
S228,Volleyball,Absent,E09
S229,Swimming,Absent,E08
S230,Football,Present,E01
S231,Cricket,Present,E03
S232,Basketball,Present,E02
S233,Athletics,Present,E07
S234,Athletics,Present,E07
S235,Chess,Absent,E06
S236,Chess,Present,E06
S237,Tennis,Absent,E10
S238,Volleyball,Absent,E09
S239,Volleyball,Present,E09
S240,Chess,Absent,E06
S241,Tennis,Absent,E10
S242,Chess,Present,E06
S243,Table Tennis,Absent,E05
S244,Table Tennis,Absent,E05
S245,Badminton,Absent,E04
S246,Table Tennis,Present,E05
S247,Volleyball,Present,E09
S248,Swimming,Absent,E08
S249,Swimming,Absent,E08
S250,Table Tennis,Present,E05
S251,Football,Absent,E01
S252,Tennis,Absent,E10
S253,Football,Absent,E01
S254,Basketball,Present,E02
S255,Basketball,Absent,E02
S256,Badminton,Absent,E04
S257,Athletics,Present,E07
S258,Cricket,Absent,E03
S259,Swimming,Absent,E08
S260,Football,Present,E01
S261,Basketball,Absent,E02
S262,Badminton,Present,E04
S263,Swimming,Present,E08
S264,Table Tennis,Present,E05
S265,Chess,Absent,E06
S266,Badminton,Absent,E04
S267,Volleyball,Absent,E09
S268,Athletics,Absent,E07
S269,Volleyball,Absent,E09
S270,Basketball,Absent,E02
S271,Basketball,Present,E02
S272,Volleyball,Present,E09
S273,Basketball,Present,E02
S274,Tennis,Present,E10
S275,Chess,Present,E06
S276,Basketball,Absent,E02
S277,Tennis,Present,E10
S278,Table Tennis,Present,E05
S279,Athletics,Absent,E07
S280,Tennis,Absent,E10
S281,Cricket,Absent,E03
S282,Football,Absent,E01
S283,Basketball,Absent,E02
S284,Badminton,Present,E04
S285,Badminton,Absent,E04
S286,Basketball,Absent,E02
S287,Football,Present,E01
S288,Basketball,Present,E02
S289,Volleyball,Absent,E09
S290,Tennis,Present,E10
S291,Athletics,Absent,E07
S292,Basketball,Present,E02
S293,Badminton,Absent,E04
S294,Badminton,Present,E04
S295,Badminton,Present,E04
S296,Tennis,Absent,E10
S297,Swimming,Absent,E08
S298,Swimming,Absent,E08
S299,Table Tennis,Present,E05
S300,Athletics,Present,E07
S301,Tennis,Absent,E10
S302,Cricket,Absent,E03
S303,Tennis,Present,E10
S304,Chess,Present,E06
S305,Table Tennis,Present,E05
S306,Table Tennis,Present,E05
S307,Tennis,Absent,E10
S308,Badminton,Absent,E04
S309,Football,Present,E01
S310,Football,Absent,E01
S311,Badminton,Absent,E04
S312,Basketball,Absent,E02
S313,Chess,Present,E06
S314,Swimming,Absent,E08
S315,Basketball,Absent,E02
S316,Athletics,Absent,E07
S317,Badminton,Absent,E04
S318,Swimming,Present,E08
S319,Cricket,Present,E03
S320,Basketball,Present,E02
S321,Football,Absent,E01
S322,Badminton,Present,E04
S323,Tennis,Present,E10
S324,Badminton,Present,E04
S325,Chess,Present,E06
S326,Athletics,Present,E07
S327,Athletics,Absent,E07
S328,Chess,Absent,E06
S329,Basketball,Present,E02
S330,Swimming,Present,E08
S331,Athletics,Present,E07
S332,Swimming,Present,E08
S333,Volleyball,Present,E09
S334,Swimming,Absent,E08
S335,Football,Present,E01
S336,Basketball,Present,E02
S337,Basketball,Absent,E02
S338,Tennis,Present,E10
S339,Swimming,Present,E08
S340,Football,Present,E01
S341,Athletics,Absent,E07
S342,Volleyball,Absent,E09
S343,Volleyball,Absent,E09
S344,Table Tennis,Present,E05
S345,Cricket,Present,E03
S346,Chess,Absent,E06
S347,Table Tennis,Present,E05
S348,Volleyball,Present,E09
S349,Athletics,Present,E07
S350,Table Tennis,Present,E05
S351,Swimming,Present,E08
S352,Chess,Absent,E06
S353,Table Tennis,Absent,E05
S354,Tennis,Present,E10
S355,Athletics,Absent,E07
S356,Football,Absent,E01
S357,Cricket,Absent,E03
S358,Chess,Absent,E06
S359,Tennis,Absent,E10
S360,Chess,Absent,E06
S361,Basketball,Absent,E02
S362,Badminton,Present,E04
S363,Badminton,Absent,E04
S364,Athletics,Absent,E07
S365,Tennis,Present,E10
S366,Volleyball,Absent,E09
S367,Football,Absent,E01
S368,Basketball,Absent,E02
S369,Table Tennis,Absent,E05
S370,Cricket,Present,E03
S371,Football,Present,E01
S372,Badminton,Present,E04
S373,Athletics,Absent,E07
S374,Athletics,Absent,E07
S375,Football,Absent,E01
S376,Tennis,Present,E10
S377,Volleyball,Present,E09
S378,Chess,Absent,E06
S379,Cricket,Present,E03
S380,Volleyball,Absent,E09
S381,Football,Absent,E01
S382,Cricket,Absent,E03
S383,Tennis,Absent,E10
S384,Basketball,Absent,E02
S385,Football,Absent,E01
S386,Volleyball,Present,E09
S387,Tennis,Absent,E10
S388,Tennis,Absent,E10
S389,Cricket,Absent,E03
S390,Volleyball,Present,E09
S391,Table Tennis,Absent,E05
S392,Swimming,Present,E08
S393,Chess,Present,E06
S394,Volleyball,Present,E09
S395,Athletics,Present,E07
S396,Football,Absent,E01
S397,Cricket,Absent,E03
S398,Chess,Present,E06
S399,Tennis,Absent,E10
S400,Football,Absent,E01
S401,Chess,Present,E06
S402,Swimming,Present,E08
S403,Badminton,Absent,E04
S404,Tennis,Present,E10
S405,Volleyball,Present,E09
S406,Chess,Present,E06
S407,Swimming,Present,E08
S408,Basketball,Absent,E02
S409,Volleyball,Absent,E09
S410,Tennis,Absent,E10
S411,Football,Present,E01
S412,Volleyball,Absent,E09
S413,Volleyball,Absent,E09
S414,Tennis,Present,E10
S415,Volleyball,Present,E09
S416,Football,Present,E01
S417,Swimming,Present,E08
S418,Football,Absent,E01
S419,Badminton,Absent,E04
S420,Basketball,Absent,E02
S421,Cricket,Present,E03
S422,Chess,Absent,E06
S423,Football,Absent,E01
S424,Football,Present,E01
S425,Cricket,Absent,E03
S426,Tennis,Present,E10
S427,Volleyball,Present,E09
S428,Chess,Absent,E06
S429,Badminton,Absent,E04
S430,Basketball,Present,E02
S431,Basketball,Present,E02
S432,Basketball,Absent,E02
S433,Basketball,Absent,E02
S434,Basketball,Present,E02
S435,Football,Present,E01
S436,Tennis,Absent,E10
S437,Badminton,Absent,E04
S438,Volleyball,Present,E09
S439,Volleyball,Present,E09
S440,Cricket,Present,E03
S441,Basketball,Absent,E02
S442,Cricket,Present,E03
S443,Chess,Present,E06
S444,Tennis,Absent,E10
S445,Basketball,Absent,E02
S446,Swimming,Absent,E08
S447,Football,Present,E01
S448,Badminton,Present,E04
S449,Chess,Absent,E06
S450,Athletics,Absent,E07
S451,Athletics,Present,E07
S452,Cricket,Present,E03
S453,Badminton,Present,E04
S454,Cricket,Present,E03
S455,Athletics,Absent,E07
S456,Athletics,Absent,E07
S457,Football,Absent,E01
S458,Tennis,Present,E10
S459,Basketball,Present,E02
S460,Football,Present,E01
S461,Basketball,Present,E02
S462,Football,Present,E01
S463,Tennis,Absent,E10
S464,Football,Present,E01
S465,Football,Absent,E01
S466,Swimming,Present,E08
S467,Basketball,Present,E02
S468,Basketball,Absent,E02
S469,Swimming,Absent,E08
S470,Badminton,Present,E04
S471,Swimming,Present,E08
S472,Cricket,Present,E03
S473,Swimming,Present,E08
S474,Chess,Present,E06
S475,Chess,Absent,E06
S476,Basketball,Absent,E02
S477,Chess,Absent,E06
S478,Tennis,Present,E10
S479,Badminton,Present,E04
S480,Football,Present,E01
S481,Volleyball,Absent,E09
S482,Tennis,Present,E10
S483,Swimming,Absent,E08
S484,Athletics,Present,E07
S485,Football,Present,E01
S486,Basketball,Present,E02
S487,Cricket,Absent,E03
S488,Badminton,Absent,E04
S489,Athletics,Present,E07
S490,Volleyball,Present,E09
S491,Badminton,Absent,E04
S492,Cricket,Present,E03
S493,Table Tennis,Absent,E05
S494,Tennis,Absent,E10
S495,Basketball,Present,E02
S496,Volleyball,Present,E09
S497,Swimming,Present,E08
S498,Badminton,Present,E04
S499,Chess,Present,E06
S500,Athletics,Present,E07
